<?xml version="1.0" encoding="UTF-8" standalone="yes" ?>
<FileZilla3>
    <Settings>
        <Setting name="View hidden files" type="number">1</Setting>
        <LastServer>
            <Host>ftp.bulonero.com.am100.mesi.com.ar</Host>
            <Port>21</Port>
            <Protocol>0</Protocol>
            <Type>0</Type>
            <Logontype>1</Logontype>
            <User>admin@bulonero.com</User>
            <Pass>avmXe7dD:/wv</Pass>
            <TimezoneOffset>0</TimezoneOffset>
            <PasvMode>MODE_DEFAULT</PasvMode>
            <MaximumMultipleConnections>3</MaximumMultipleConnections>
            <EncodingType>Auto</EncodingType>bulonero.com
        </LastServer>
    </Settings>
</FileZilla3>
